City,Latitude,Longitude,Max Temp.,Humidity,Cloudiness,Wind Speed,Country,Date,Date Converted
nouadhibou,20.931,-17.0347,69.78,88,0,14.97,MR,1632522604,2021-09-24 22:30:04
cape town,-33.9258,18.4232,57.11,84,0,2.3,ZA,1632522418,2021-09-24 22:26:58
avarua,-21.2078,-159.775,77.05,50,92,5.75,CK,1632522341,2021-09-24 22:25:41
nawabganj,24.5911,88.271,80.8,81,12,0.63,BD,1632522606,2021-09-24 22:30:06
bluefield,37.2698,-81.2223,67.66,46,1,1.99,US,1632522417,2021-09-24 22:26:57
new norfolk,-42.7826,147.0587,45.72,69,12,3.0,AU,1632522607,2021-09-24 22:30:07
carnarvon,-24.8667,113.6333,68.07,73,90,10.36,AU,1632522608,2021-09-24 22:30:08
hobart,-42.8794,147.3294,46.06,69,20,1.01,AU,1632522551,2021-09-24 22:29:11
bredasdorp,-34.5322,20.0403,49.32,87,70,3.44,ZA,1632522608,2021-09-24 22:30:08
ushuaia,-54.8,-68.3,40.66,93,75,4.61,AR,1632522609,2021-09-24 22:30:09
tommot,58.9564,126.2925,41.07,78,100,2.59,RU,1632522610,2021-09-24 22:30:10
chuy,-33.6971,-53.4616,54.5,96,0,7.07,UY,1632522610,2021-09-24 22:30:10
thompson,55.7435,-97.8558,44.76,87,75,6.91,CA,1632522476,2021-09-24 22:27:56
hilo,19.7297,-155.09,86.29,64,1,10.36,US,1632522446,2021-09-24 22:27:26
muros,42.7762,-9.0603,65.23,91,83,5.01,ES,1632522312,2021-09-24 22:25:12
punta arenas,-53.15,-70.9167,44.71,87,90,5.75,CL,1632522390,2021-09-24 22:26:30
sao felix do xingu,-6.6447,-51.995,82.51,50,80,2.15,BR,1632522611,2021-09-24 22:30:11
mataura,-46.1927,168.8643,48.47,74,71,10.63,NZ,1632522612,2021-09-24 22:30:12
saint george,37.1041,-113.5841,92.25,13,1,3.0,US,1632522610,2021-09-24 22:30:10
kaitangata,-46.2817,169.8464,53.02,86,33,8.7,NZ,1632522612,2021-09-24 22:30:12
torbay,47.6666,-52.7314,48.38,82,20,9.22,CA,1632522613,2021-09-24 22:30:13
iqaluit,63.7506,-68.5145,29.93,86,20,8.99,CA,1632522612,2021-09-24 22:30:12
port alfred,-33.5906,26.891,59.52,84,35,5.21,ZA,1632522614,2021-09-24 22:30:14
maldonado,-34.6667,-54.9167,56.59,98,54,4.65,UY,1632522614,2021-09-24 22:30:14
atuona,-9.8,-139.0333,78.08,77,79,16.33,PF,1632522614,2021-09-24 22:30:14
kodiak,57.79,-152.4072,51.31,28,1,14.97,US,1632522326,2021-09-24 22:25:26
huarmey,-10.0681,-78.1522,65.35,80,47,8.39,PE,1632522615,2021-09-24 22:30:15
ucluelet,48.9329,-125.5528,77.09,81,100,1.01,CA,1632522370,2021-09-24 22:26:10
maputo,-25.9653,32.5892,69.22,88,0,3.44,MZ,1632522497,2021-09-24 22:28:17
bacolod,10.6667,122.95,80.49,83,37,5.23,PH,1632522616,2021-09-24 22:30:16
rawson,-43.3002,-65.1023,68.49,35,37,25.03,AR,1632522616,2021-09-24 22:30:16
moissala,8.3404,17.7663,71.96,97,92,3.44,TD,1632522617,2021-09-24 22:30:17
acapulco,16.8634,-99.8901,84.6,80,98,7.92,MX,1632522462,2021-09-24 22:27:42
astoria,46.1879,-123.8313,86.7,50,1,10.36,US,1632522609,2021-09-24 22:30:09
cabo san lucas,22.8909,-109.9124,93.61,71,10,7.4,MX,1632522605,2021-09-24 22:30:05
hermanus,-34.4187,19.2345,56.89,85,66,2.84,ZA,1632522618,2021-09-24 22:30:18
flin flon,54.7682,-101.865,51.64,66,90,11.5,CA,1632522618,2021-09-24 22:30:18
tiksi,71.6872,128.8694,30.76,85,93,19.15,RU,1632522619,2021-09-24 22:30:19
bardstown,37.8092,-85.4669,74.21,55,1,3.44,US,1632522571,2021-09-24 22:29:31
karasburg,-28.0167,18.75,66.52,13,69,5.03,NA,1632522620,2021-09-24 22:30:20
grafton,42.207,-71.6856,73.65,81,90,1.01,US,1632522620,2021-09-24 22:30:20
jamestown,42.097,-79.2353,67.32,48,1,11.5,US,1632522621,2021-09-24 22:30:21
artesia,33.8658,-118.0831,95.79,60,1,5.01,US,1632522622,2021-09-24 22:30:22
iwaki,37.05,140.8833,71.24,82,99,1.01,JP,1632522622,2021-09-24 22:30:22
gerash,27.6652,54.1371,78.96,31,5,5.57,IR,1632522623,2021-09-24 22:30:23
itupiranga,-5.1347,-49.3267,83.1,56,95,4.34,BR,1632522623,2021-09-24 22:30:23
buta,2.7858,24.73,66.94,97,68,1.7,CD,1632522624,2021-09-24 22:30:24
vaini,-21.2,-175.2,73.56,73,20,14.97,TO,1632522624,2021-09-24 22:30:24
busselton,-33.65,115.3333,48.04,74,7,15.7,AU,1632522625,2021-09-24 22:30:25
mar del plata,-38.0023,-57.5575,57.09,58,0,3.0,AR,1632522539,2021-09-24 22:28:59
hithadhoo,-0.6,73.0833,82.29,70,100,13.91,MV,1632522626,2021-09-24 22:30:26
tiznit,29.5833,-9.5,63.05,76,0,2.73,MA,1632522626,2021-09-24 22:30:26
saskylakh,71.9167,114.0833,28.74,93,100,10.89,RU,1632522627,2021-09-24 22:30:27
rikitea,-23.1203,-134.9692,73.62,80,100,20.71,PF,1632522628,2021-09-24 22:30:28
codrington,-38.2667,141.9667,49.62,64,99,11.39,AU,1632522628,2021-09-24 22:30:28
harper,4.375,-7.7169,78.08,87,39,7.76,LR,1632522629,2021-09-24 22:30:29
port elizabeth,-33.918,25.5701,53.89,87,0,5.75,ZA,1632522629,2021-09-24 22:30:29
chillicothe,39.3331,-82.9824,73.76,38,1,5.01,US,1632522339,2021-09-24 22:25:39
caravelas,-17.7125,-39.2481,70.5,75,80,8.43,BR,1632522630,2021-09-24 22:30:30
praia,14.9215,-23.5087,78.53,75,70,12.95,CV,1632522630,2021-09-24 22:30:30
fortuna,40.5982,-124.1573,93.47,64,20,1.99,US,1632522631,2021-09-24 22:30:31
coolum beach,-26.5333,153.1,74.34,67,36,6.89,AU,1632522632,2021-09-24 22:30:32
boulder,40.0833,-105.3505,73.74,32,1,1.01,US,1632522465,2021-09-24 22:27:45
bandarbeyla,9.4942,50.8122,79.48,69,100,23.22,SO,1632522633,2021-09-24 22:30:33
lompoc,34.6391,-120.4579,84.02,76,1,12.66,US,1632522634,2021-09-24 22:30:34
kutahya,39.4242,29.9833,44.55,52,11,3.71,TR,1632522634,2021-09-24 22:30:34
meulaboh,4.1363,96.1285,76.21,89,94,5.28,ID,1632522635,2021-09-24 22:30:35
hamilton,39.1834,-84.5333,74.08,49,1,1.01,US,1632522573,2021-09-24 22:29:33
togur,58.3631,82.8265,32.5,92,99,6.06,RU,1632522636,2021-09-24 22:30:36
vaitape,-16.5167,-151.75,76.53,62,0,0.27,PF,1632522636,2021-09-24 22:30:36
puerto ayora,-0.7393,-90.3518,75.16,82,62,9.08,EC,1632522637,2021-09-24 22:30:37
gimli,50.6336,-96.9907,57.43,58,100,9.22,CA,1632522583,2021-09-24 22:29:43
ancud,-41.8697,-73.8203,56.73,94,65,5.48,CL,1632522638,2021-09-24 22:30:38
puerto escondido,15.85,-97.0667,86.83,54,75,5.75,MX,1632522638,2021-09-24 22:30:38
cascais,38.6979,-9.4215,66.06,71,58,1.01,PT,1632522639,2021-09-24 22:30:39
canico,32.6333,-16.85,70.88,79,20,4.61,PT,1632522640,2021-09-24 22:30:40
bluff,-46.6,168.3333,48.79,89,76,20.94,NZ,1632522640,2021-09-24 22:30:40
maragogi,-9.0122,-35.2225,75.72,85,26,11.59,BR,1632522641,2021-09-24 22:30:41
longyearbyen,78.2186,15.6401,40.84,87,75,3.44,SJ,1632522641,2021-09-24 22:30:41
teya,60.3778,92.6267,33.6,84,97,4.74,RU,1632522642,2021-09-24 22:30:42
kavieng,-2.5744,150.7967,84.38,69,32,11.05,PG,1632522643,2021-09-24 22:30:43
marsh harbour,26.5412,-77.0636,83.37,68,56,3.06,BS,1632522643,2021-09-24 22:30:43
ribeira grande,38.5167,-28.7,71.31,76,100,18.45,PT,1632522644,2021-09-24 22:30:44
hasaki,35.7333,140.8333,72.28,73,100,15.84,JP,1632522644,2021-09-24 22:30:44
ponta do sol,32.6667,-17.1,70.43,71,13,1.34,PT,1632522645,2021-09-24 22:30:45
namatanai,-3.6667,152.4333,83.97,67,61,5.82,PG,1632522646,2021-09-24 22:30:46
berlevag,70.8578,29.0864,46.15,88,100,10.78,NO,1632522646,2021-09-24 22:30:46
qaanaaq,77.484,-69.3632,13.98,68,17,7.67,GL,1632522647,2021-09-24 22:30:47
segovia,41.1667,-4.0,59.83,83,58,7.16,ES,1632522648,2021-09-24 22:30:48
butaritari,3.0707,172.7902,83.7,74,12,13.18,KI,1632522649,2021-09-24 22:30:49
paamiut,61.994,-49.6678,31.82,49,0,23.96,GL,1632522649,2021-09-24 22:30:49
sola,-13.8833,167.55,79.0,80,83,16.96,VU,1632522650,2021-09-24 22:30:50
geraldton,-28.7667,114.6,46.81,87,3,5.75,AU,1632522650,2021-09-24 22:30:50
ukiah,39.1502,-123.2078,103.12,16,1,5.75,US,1632522352,2021-09-24 22:25:52
east london,-33.0153,27.9116,61.39,75,32,5.03,ZA,1632522651,2021-09-24 22:30:51
honiara,-9.4333,159.95,86.16,67,65,6.87,SB,1632522651,2021-09-24 22:30:51
saint anthony,45.0205,-93.218,64.54,67,75,1.99,US,1632522368,2021-09-24 22:26:08
komsomolskiy,40.4272,71.7189,60.22,51,0,6.91,UZ,1632522652,2021-09-24 22:30:52
japoata,-10.3467,-36.8011,71.83,89,74,5.55,BR,1632522652,2021-09-24 22:30:52
nikolskoye,59.7035,30.7861,46.87,91,100,6.53,RU,1632522653,2021-09-24 22:30:53
dikson,73.5069,80.5464,35.89,86,85,15.75,RU,1632522654,2021-09-24 22:30:54
naryan-mar,67.6713,53.087,38.19,90,60,10.42,RU,1632522654,2021-09-24 22:30:54
isangel,-19.55,169.2667,73.51,83,90,4.61,VU,1632522655,2021-09-24 22:30:55
yar-sale,66.8333,70.8333,33.22,89,59,5.64,RU,1632522656,2021-09-24 22:30:56
san patricio,28.017,-97.5169,86.41,46,6,12.48,US,1632522656,2021-09-24 22:30:56
sur,22.5667,59.5289,82.78,71,100,6.98,OM,1632522657,2021-09-24 22:30:57
islamkot,24.6997,70.177,84.96,74,62,4.54,PK,1632522657,2021-09-24 22:30:57
arraial do cabo,-22.9661,-42.0278,69.66,68,0,19.57,BR,1632522658,2021-09-24 22:30:58
georgetown,5.4112,100.3354,82.33,91,20,5.01,MY,1632522659,2021-09-24 22:30:59
beringovskiy,63.05,179.3167,32.72,96,100,24.56,RU,1632522661,2021-09-24 22:31:01
kapaa,22.0752,-159.319,84.18,77,90,1.01,US,1632522662,2021-09-24 22:31:02
saanen,46.4896,7.2596,57.79,95,0,4.76,CH,1632522662,2021-09-24 22:31:02
high level,58.5169,-117.136,59.11,58,75,3.44,CA,1632522663,2021-09-24 22:31:03
beloha,-25.1667,45.05,72.12,53,0,7.83,MG,1632522664,2021-09-24 22:31:04
mangrol,21.1167,70.1167,79.36,85,38,7.67,IN,1632522665,2021-09-24 22:31:05
oxford,51.7522,-1.256,63.86,94,28,2.3,GB,1632522666,2021-09-24 22:31:06
mamlyutka,54.9375,68.5394,40.86,66,99,7.36,KZ,1632522666,2021-09-24 22:31:06
haines junction,60.7522,-137.5108,53.55,26,14,5.75,CA,1632522661,2021-09-24 22:31:01
katsuura,35.1333,140.3,73.11,78,100,16.26,JP,1632522667,2021-09-24 22:31:07
tuktoyaktuk,69.4541,-133.0374,35.6,87,75,17.27,CA,1632522667,2021-09-24 22:31:07
lebedyn,50.5852,34.4849,47.43,93,95,5.5,UA,1632522668,2021-09-24 22:31:08
upernavik,72.7868,-56.1549,22.78,86,66,5.91,GL,1632522669,2021-09-24 22:31:09
mahebourg,-20.4081,57.7,71.26,88,75,17.27,MU,1632522669,2021-09-24 22:31:09
port lincoln,-34.7333,135.8667,53.37,66,100,11.97,AU,1632522587,2021-09-24 22:29:47
nixa,37.0434,-93.2944,79.47,45,99,1.99,US,1632522670,2021-09-24 22:31:10
yulara,-25.2406,130.9889,62.44,25,100,11.5,AU,1632522670,2021-09-24 22:31:10
pacific grove,36.6177,-121.9166,91.81,80,20,5.99,US,1632522672,2021-09-24 22:31:12
nuuk,64.1835,-51.7216,34.41,51,20,20.71,GL,1632522673,2021-09-24 22:31:13
kathmandu,27.7167,85.3167,70.02,94,75,2.3,NP,1632522673,2021-09-24 22:31:13
vostok,46.4856,135.8833,48.36,65,99,1.01,RU,1632522674,2021-09-24 22:31:14
yellowknife,62.456,-114.3525,46.92,85,90,16.11,CA,1632522522,2021-09-24 22:28:42
rincon,32.296,-81.2354,80.51,44,1,4.61,US,1632522675,2021-09-24 22:31:15
verkhoyansk,67.5447,133.385,38.59,63,100,6.49,RU,1632522675,2021-09-24 22:31:15
margate,51.3813,1.3862,63.91,85,33,1.99,GB,1632522676,2021-09-24 22:31:16
grojdibodu,43.75,24.2667,63.41,50,96,12.44,RO,1632522676,2021-09-24 22:31:16
chokurdakh,70.6333,147.9167,31.89,93,100,18.25,RU,1632522677,2021-09-24 22:31:17
aguilas,37.4063,-1.5829,78.21,83,99,3.15,ES,1632522677,2021-09-24 22:31:17
paranga,56.7039,49.4047,44.24,95,100,11.23,RU,1632522678,2021-09-24 22:31:18
kurya,51.6003,82.2888,33.28,71,100,8.48,RU,1632522678,2021-09-24 22:31:18
alice springs,-23.7,133.8833,58.55,23,83,0.0,AU,1632522679,2021-09-24 22:31:19
tasiilaq,65.6145,-37.6368,31.19,90,93,5.19,GL,1632522679,2021-09-24 22:31:19
nemuro,43.3236,145.575,56.17,71,2,13.85,JP,1632522679,2021-09-24 22:31:19
necochea,-38.5473,-58.7368,60.04,75,65,10.04,AR,1632522680,2021-09-24 22:31:20
siavonga,-16.5382,28.7088,73.92,49,1,4.38,ZM,1632522680,2021-09-24 22:31:20
itoman,26.1247,127.6694,80.62,78,20,11.5,JP,1632522681,2021-09-24 22:31:21
norman wells,65.282,-126.8329,41.04,81,90,13.8,CA,1632522681,2021-09-24 22:31:21
bambous virieux,-20.3428,57.7575,71.22,88,75,17.27,MU,1632522682,2021-09-24 22:31:22
trairi,-3.2778,-39.2689,79.41,80,100,12.08,BR,1632522561,2021-09-24 22:29:21
gaspe,48.8334,-64.4819,56.14,100,90,4.61,CA,1632522683,2021-09-24 22:31:23
isla mujeres,21.2311,-86.731,84.25,75,98,6.55,MX,1632522683,2021-09-24 22:31:23
albany,42.6001,-73.9662,67.68,67,3,5.88,US,1632522610,2021-09-24 22:30:10
praia da vitoria,38.7333,-27.0667,71.85,64,20,12.3,PT,1632522684,2021-09-24 22:31:24
basco,20.4487,121.9702,84.38,74,9,17.25,PH,1632522685,2021-09-24 22:31:25
omboue,-1.5746,9.2618,76.03,88,67,6.08,GA,1632522686,2021-09-24 22:31:26
jesus carranza,17.4333,-95.0333,74.59,97,100,2.89,MX,1632522686,2021-09-24 22:31:26
doha,25.2867,51.5333,85.98,54,0,0.0,QA,1632522654,2021-09-24 22:30:54
boa vista,2.8197,-60.6733,93.18,40,40,8.05,BR,1632522443,2021-09-24 22:27:23
vila velha,-20.3297,-40.2925,69.75,73,40,8.05,BR,1632522687,2021-09-24 22:31:27
miraflores,19.2167,-98.8083,75.02,68,99,3.71,MX,1632522687,2021-09-24 22:31:27
concepcion del uruguay,-32.4825,-58.2372,60.98,77,9,1.01,AR,1632522688,2021-09-24 22:31:28
nanortalik,60.1432,-45.2371,35.85,61,21,5.19,GL,1632522689,2021-09-24 22:31:29
kahului,20.8947,-156.47,87.82,59,40,23.02,US,1632522689,2021-09-24 22:31:29
castro,-24.7911,-50.0119,66.88,63,90,4.52,BR,1632522689,2021-09-24 22:31:29
ca mau,9.1769,105.15,76.75,91,100,3.4,VN,1632522690,2021-09-24 22:31:30
wajid,3.8093,43.2471,74.43,64,43,19.55,SO,1632522690,2021-09-24 22:31:30
nirgua,10.1553,-68.5663,68.95,94,25,3.76,VE,1632522691,2021-09-24 22:31:31
udimskiy,61.1417,45.9144,45.05,99,100,5.32,RU,1632522691,2021-09-24 22:31:31
khatanga,71.9667,102.5,29.53,91,85,7.07,RU,1632522692,2021-09-24 22:31:32
souillac,-20.5167,57.5167,71.37,88,75,17.27,MU,1632522692,2021-09-24 22:31:32
dingle,10.9995,122.6711,79.3,88,26,5.12,PH,1632522693,2021-09-24 22:31:33
barrow,71.2906,-156.7887,28.42,86,90,0.0,US,1632522693,2021-09-24 22:31:33
asmar,35.0333,71.3581,70.95,71,0,3.44,AF,1632522694,2021-09-24 22:31:34
bowen,-20.0167,148.2333,68.22,71,22,6.69,AU,1632522694,2021-09-24 22:31:34
tual,-5.6667,132.75,80.19,81,46,16.91,ID,1632522695,2021-09-24 22:31:35
palmer,42.1584,-72.3287,69.35,66,75,4.61,US,1632522695,2021-09-24 22:31:35
sao miguel,-5.4667,-35.3667,79.57,81,11,17.13,BR,1632522696,2021-09-24 22:31:36
polessk,54.862,21.1028,55.45,87,100,16.04,RU,1632522697,2021-09-24 22:31:37
kurilsk,45.2333,147.8833,53.33,75,50,21.54,RU,1632522698,2021-09-24 22:31:38
mbour,14.422,-16.9638,82.49,79,63,8.48,SN,1632522698,2021-09-24 22:31:38
ilulissat,69.2167,-51.1,26.62,54,75,2.3,GL,1632522699,2021-09-24 22:31:39
asau,46.4333,26.4,49.75,94,100,5.46,RO,1632522699,2021-09-24 22:31:39
olafsvik,64.8945,-23.7142,41.27,74,97,15.46,IS,1632522700,2021-09-24 22:31:40
ambon,-3.6954,128.1814,77.14,94,20,9.22,ID,1632522700,2021-09-24 22:31:40
lata,40.1629,-8.3327,63.81,90,72,4.27,PT,1632522701,2021-09-24 22:31:41
sedkyrkeshch,61.75,50.9167,46.67,81,90,4.47,RU,1632522701,2021-09-24 22:31:41
grindavik,63.8424,-22.4338,41.47,87,75,6.91,IS,1632522702,2021-09-24 22:31:42
ambo,-10.1308,-76.2047,63.77,73,92,6.46,PE,1632522702,2021-09-24 22:31:42
maraa,-1.8333,-65.3667,73.4,96,93,2.93,BR,1632522703,2021-09-24 22:31:43
nema,57.5067,50.5011,44.55,95,100,10.36,RU,1632522703,2021-09-24 22:31:43
krasnoselkup,65.7,82.4667,29.82,93,9,10.47,RU,1632522704,2021-09-24 22:31:44
alofi,-19.0595,-169.9187,73.29,100,83,10.36,NU,1632522704,2021-09-24 22:31:44
viedma,-40.8135,-62.9967,67.24,43,0,13.96,AR,1632522628,2021-09-24 22:30:28
sisimiut,66.9395,-53.6735,30.87,70,19,7.43,GL,1632522705,2021-09-24 22:31:45
glenwood springs,39.5505,-107.3248,83.07,16,7,6.51,US,1632522627,2021-09-24 22:30:27
henties bay,-22.116,14.2845,55.85,90,1,3.91,NA,1632522706,2021-09-24 22:31:46
lavrentiya,65.5833,-171.0,32.14,95,100,25.72,RU,1632522706,2021-09-24 22:31:46
poso,-1.3959,120.7524,77.34,87,95,5.75,ID,1632522707,2021-09-24 22:31:47
salalah,17.0151,54.0924,80.69,83,40,3.44,OM,1632522707,2021-09-24 22:31:47
sahuaripa,29.05,-109.2333,84.74,52,100,2.62,MX,1632522708,2021-09-24 22:31:48
asilah,35.465,-6.0348,71.46,74,20,6.04,MA,1632522590,2021-09-24 22:29:50
airai,-8.9266,125.4092,65.84,59,67,1.81,TL,1632522709,2021-09-24 22:31:49
grand gaube,-20.0064,57.6608,71.38,76,8,11.99,MU,1632522709,2021-09-24 22:31:49
nishihara,26.1842,127.7558,79.88,79,20,11.5,JP,1632522710,2021-09-24 22:31:50
talcahuano,-36.7167,-73.1167,55.08,88,75,6.91,CL,1632522710,2021-09-24 22:31:50
garissa,-0.4536,39.6401,73.83,77,77,16.06,KE,1632522710,2021-09-24 22:31:50
kuminskiy,58.6667,66.5667,37.67,92,9,0.85,RU,1632522711,2021-09-24 22:31:51
san andres,12.5847,-81.7006,86.02,70,75,8.05,CO,1632522711,2021-09-24 22:31:51
mersin,36.862,34.6509,63.75,42,0,3.98,TR,1632522712,2021-09-24 22:31:52
leningradskiy,69.3833,178.4167,26.71,81,100,10.98,RU,1632522713,2021-09-24 22:31:53
mezhova,48.2532,36.7347,48.02,93,93,5.88,UA,1632522713,2021-09-24 22:31:53
baghpat,28.95,77.2167,78.87,78,0,5.14,IN,1632522714,2021-09-24 22:31:54
santa engracia,41.9406,-1.3245,69.62,86,100,2.55,ES,1632522714,2021-09-24 22:31:54
ixtapa,20.7,-105.2,88.23,76,95,5.01,MX,1632522715,2021-09-24 22:31:55
bilma,18.6853,12.9164,86.85,12,5,5.75,NE,1632522715,2021-09-24 22:31:55
ilave,-16.0833,-69.6667,49.55,60,26,8.68,PE,1632522716,2021-09-24 22:31:56
bollnas,61.3482,16.3946,45.39,98,91,2.26,SE,1632522716,2021-09-24 22:31:56
saint-philippe,-21.3585,55.7679,69.35,81,40,11.45,RE,1632522717,2021-09-24 22:31:57
kropotkin,45.4375,40.5756,53.33,81,94,11.95,RU,1632522717,2021-09-24 22:31:57
linjiang,41.8069,126.9078,58.66,89,100,1.25,CN,1632522718,2021-09-24 22:31:58
lebu,-37.6167,-73.65,53.04,92,4,5.12,CL,1632522718,2021-09-24 22:31:58
jalu,29.0331,21.5482,72.07,54,0,11.72,LY,1632522719,2021-09-24 22:31:59
issaquah,47.5301,-122.0326,80.94,54,1,3.0,US,1632522720,2021-09-24 22:32:00
carutapera,-1.195,-46.02,79.23,77,86,7.94,BR,1632522720,2021-09-24 22:32:00
tezu,27.9167,96.1667,74.97,82,53,2.95,IN,1632522720,2021-09-24 22:32:00
dasoguz,41.8363,59.9666,64.35,32,0,13.8,TM,1632522721,2021-09-24 22:32:01
kemijarvi,66.7131,27.4306,44.15,92,99,7.92,FI,1632522721,2021-09-24 22:32:01
boende,-0.2167,20.8667,69.42,97,98,0.67,CD,1632522722,2021-09-24 22:32:02
muyezerskiy,63.9333,31.65,42.1,97,89,5.26,RU,1632522723,2021-09-24 22:32:03
broken hill,-31.95,141.4333,49.71,66,0,14.97,AU,1632522723,2021-09-24 22:32:03
marianske lazne,49.9646,12.7012,56.71,96,25,4.25,CZ,1632522724,2021-09-24 22:32:04
charlestown,-32.95,151.6667,73.02,43,0,4.0,AU,1632522724,2021-09-24 22:32:04
narsingi,18.0333,78.4333,72.01,94,100,5.68,IN,1632522725,2021-09-24 22:32:05
narsaq,60.9167,-46.05,39.42,46,0,6.93,GL,1632522726,2021-09-24 22:32:06
mitzic,0.7821,11.549,68.92,98,99,2.71,GA,1632522726,2021-09-24 22:32:06
techirghiol,44.05,28.6,60.57,54,98,11.12,RO,1632522727,2021-09-24 22:32:07
deputatskiy,69.3,139.9,28.72,82,83,6.46,RU,1632522727,2021-09-24 22:32:07
ostrovnoy,68.0531,39.5131,47.88,89,100,17.72,RU,1632522728,2021-09-24 22:32:08
sao filipe,14.8961,-24.4956,78.69,75,69,7.99,CV,1632522728,2021-09-24 22:32:08
betafo,-19.8333,46.85,54.5,88,45,5.06,MG,1632522729,2021-09-24 22:32:09
gambo,4.6482,22.2633,66.42,99,73,0.65,CF,1632522729,2021-09-24 22:32:09
zipacon,4.7588,-74.3802,63.66,88,74,2.19,CO,1632522730,2021-09-24 22:32:10
bengkulu,-3.8004,102.2655,74.62,92,100,4.85,ID,1632522730,2021-09-24 22:32:10
maralal,1.0968,36.698,58.87,73,94,5.88,KE,1632522731,2021-09-24 22:32:11
marsa matruh,31.3525,27.2453,73.6,49,75,10.36,EG,1632522731,2021-09-24 22:32:11
provideniya,64.3833,-173.3,34.12,88,100,17.29,RU,1632522732,2021-09-24 22:32:12
vila,42.0304,-8.1588,55.33,92,83,3.04,PT,1632522732,2021-09-24 22:32:12
yibin,28.7667,104.6238,76.86,90,44,1.92,CN,1632522733,2021-09-24 22:32:13
bagamoyo,-6.4333,38.9,76.98,91,16,5.01,TZ,1632522733,2021-09-24 22:32:13
teguise,29.0605,-13.564,68.22,68,20,6.91,ES,1632522734,2021-09-24 22:32:14
pevek,69.7008,170.3133,28.17,78,100,10.0,RU,1632522734,2021-09-24 22:32:14
gravata,-8.2011,-35.5647,68.45,96,36,8.68,BR,1632522735,2021-09-24 22:32:15
sanmenxia,34.7747,111.1814,68.74,95,100,2.77,CN,1632522736,2021-09-24 22:32:16
batagay,67.6333,134.6333,37.54,67,100,5.64,RU,1632522736,2021-09-24 22:32:16
srednekolymsk,67.45,153.6833,36.16,75,58,7.43,RU,1632522737,2021-09-24 22:32:17
fairbanks,64.8378,-147.7164,36.1,87,90,3.44,US,1632522628,2021-09-24 22:30:28
sioux lookout,50.1001,-91.917,55.78,47,75,9.22,CA,1632522737,2021-09-24 22:32:17
san cristobal,7.7669,-72.225,78.98,83,30,4.18,VE,1632522738,2021-09-24 22:32:18
poum,-20.2333,164.0167,71.82,66,58,5.21,NC,1632522738,2021-09-24 22:32:18
savelugu,9.6244,-0.8253,74.1,93,91,4.54,GH,1632522739,2021-09-24 22:32:19
deer lake,49.1667,-57.4316,53.46,82,90,5.75,CA,1632522739,2021-09-24 22:32:19
hohoe,7.1518,0.4736,74.17,95,100,3.09,GH,1632522740,2021-09-24 22:32:20
milkovo,54.7167,158.6167,48.4,67,0,2.64,RU,1632522740,2021-09-24 22:32:20
paso de carrasco,-34.8603,-56.0522,57.65,88,90,9.22,UY,1632522740,2021-09-24 22:32:20
sitka,57.0531,-135.33,55.29,67,75,9.22,US,1632522168,2021-09-24 22:22:48
mackay,-21.15,149.2,75.04,82,4,5.75,AU,1632522702,2021-09-24 22:31:42
pontianak,-0.0333,109.3333,73.38,94,40,3.44,ID,1632522741,2021-09-24 22:32:21
kalaleh,37.3807,55.4916,72.34,80,0,7.43,IR,1632522742,2021-09-24 22:32:22
markova,48.6758,24.4138,45.57,78,100,8.16,UA,1632522742,2021-09-24 22:32:22
san rafael,-34.6177,-68.3301,73.08,21,0,12.37,AR,1632522742,2021-09-24 22:32:22
hami,42.8,93.45,55.47,39,100,26.57,CN,1632522743,2021-09-24 22:32:23
cherskiy,68.75,161.3,32.14,95,99,11.48,RU,1632522743,2021-09-24 22:32:23
clyde river,70.4692,-68.5914,34.03,69,20,6.91,CA,1632522744,2021-09-24 22:32:24
qaqortoq,60.7167,-46.0333,39.7,50,1,7.63,GL,1632522744,2021-09-24 22:32:24
saint stephen,50.3333,-4.9,62.2,100,90,4.61,GB,1632522745,2021-09-24 22:32:25
victor harbor,-35.5667,138.6167,53.01,79,84,4.0,AU,1632522745,2021-09-24 22:32:25
paita,-5.0892,-81.1144,66.34,81,42,15.75,PE,1632522746,2021-09-24 22:32:26
marquette,46.5333,-87.6335,71.04,79,96,8.37,US,1632522746,2021-09-24 22:32:26
basoko,1.2391,23.616,66.83,95,44,1.05,CD,1632522747,2021-09-24 22:32:27
moose factory,51.2585,-80.6094,51.8,82,90,16.11,CA,1632522747,2021-09-24 22:32:27
aklavik,68.2191,-135.0107,34.63,97,100,16.17,CA,1632522747,2021-09-24 22:32:27
opuwo,-18.0607,13.84,69.8,29,0,2.75,NA,1632522748,2021-09-24 22:32:28
mount gambier,-37.8333,140.7667,44.51,87,75,9.22,AU,1632522748,2021-09-24 22:32:28
rio gallegos,-51.6226,-69.2181,66.25,32,75,18.41,AR,1632522749,2021-09-24 22:32:29
maues,-3.3836,-57.7186,78.6,75,100,1.28,BR,1632522749,2021-09-24 22:32:29
illapel,-31.6308,-71.1653,61.95,73,0,3.83,CL,1632522750,2021-09-24 22:32:30
tuatapere,-46.1333,167.6833,48.81,92,83,9.19,NZ,1632522750,2021-09-24 22:32:30
pitimbu,-7.4706,-34.8086,77.59,80,14,12.91,BR,1632522751,2021-09-24 22:32:31
kamina,-8.7386,24.9906,66.15,68,56,6.06,CD,1632522751,2021-09-24 22:32:31
kiruna,67.8557,20.2251,38.32,93,90,5.75,SE,1632522752,2021-09-24 22:32:32
saurikh,27.029,79.4896,78.42,87,91,6.26,IN,1632522752,2021-09-24 22:32:32
alekseyevsk,57.8406,108.3492,37.96,96,92,2.19,RU,1632522753,2021-09-24 22:32:33
yerbogachen,61.2767,108.0108,38.23,84,100,3.74,RU,1632522753,2021-09-24 22:32:33
winslow,35.0242,-110.6974,84.38,16,1,4.61,US,1632522598,2021-09-24 22:29:58
ayan,56.45,138.1667,55.31,54,16,5.64,RU,1632522754,2021-09-24 22:32:34
bethel,41.3712,-73.414,70.92,75,11,1.72,US,1632522483,2021-09-24 22:28:03
rosarito,32.3333,-117.0333,77.63,67,50,7.54,MX,1632522755,2021-09-24 22:32:35
nelson bay,-32.7167,152.15,73.29,54,1,1.99,AU,1632522755,2021-09-24 22:32:35
pisco,-13.7,-76.2167,66.25,72,0,5.75,PE,1632522544,2021-09-24 22:29:04
makakilo city,21.3469,-158.0858,86.32,63,75,11.5,US,1632522756,2021-09-24 22:32:36
general roca,-39.0333,-67.5833,86.4,16,2,22.41,AR,1632522756,2021-09-24 22:32:36
severo-kurilsk,50.6789,156.125,47.26,92,100,30.69,RU,1632522757,2021-09-24 22:32:37
autazes,-3.5797,-59.1306,78.31,77,96,2.37,BR,1632522757,2021-09-24 22:32:37
talaya,61.3833,152.75,41.09,63,7,4.29,RU,1632522758,2021-09-24 22:32:38
santa maria,-29.6842,-53.8069,60.1,82,0,2.3,BR,1632522758,2021-09-24 22:32:38
maple creek,49.9168,-109.4848,72.09,18,18,11.5,CA,1632522758,2021-09-24 22:32:38
wattegama,6.7989,81.4808,75.58,87,76,4.76,LK,1632522759,2021-09-24 22:32:39
fort nelson,58.8053,-122.7002,58.59,55,75,5.75,CA,1632522609,2021-09-24 22:30:09
vidim,56.4088,103.1106,36.72,96,100,1.97,RU,1632522759,2021-09-24 22:32:39
klaksvik,62.2266,-6.589,43.72,68,97,4.5,FO,1632522760,2021-09-24 22:32:40
la asuncion,11.0333,-63.8628,89.33,55,5,10.36,VE,1632522760,2021-09-24 22:32:40
alta floresta,-9.8756,-56.0861,82.8,48,59,4.25,BR,1632522761,2021-09-24 22:32:41
srandakan,-7.9386,110.2506,75.76,89,41,4.34,ID,1632522761,2021-09-24 22:32:41
kollo,13.3043,2.339,86.43,60,64,9.98,NE,1632522762,2021-09-24 22:32:42
cayenne,4.9333,-52.3333,83.08,81,20,4.0,GF,1632522615,2021-09-24 22:30:15
mali,12.079,-12.2982,61.81,91,79,1.81,GN,1632522762,2021-09-24 22:32:42
mantua,45.1667,10.7833,69.28,82,0,4.0,IT,1632522763,2021-09-24 22:32:43
magalia,39.8121,-121.5783,94.69,17,8,1.99,US,1632522764,2021-09-24 22:32:44
plouzane,48.3833,-4.6167,55.45,93,0,5.75,FR,1632522764,2021-09-24 22:32:44
saldanha,-33.0117,17.9442,51.85,87,90,4.68,ZA,1632522764,2021-09-24 22:32:44
baruun-urt,46.6806,113.2792,50.61,92,51,8.19,MN,1632522765,2021-09-24 22:32:45
rantauprapat,2.1,99.8333,71.96,99,100,1.74,ID,1632522765,2021-09-24 22:32:45
great falls,47.5002,-111.3008,78.93,25,1,0.0,US,1632522766,2021-09-24 22:32:46
seleron,41.1333,25.0,65.34,48,36,3.36,GR,1632522766,2021-09-24 22:32:46
sao jose da coroa grande,-8.8978,-35.1478,76.03,85,18,11.52,BR,1632522766,2021-09-24 22:32:46
benguela,-12.5763,13.4055,73.47,79,49,6.29,AO,1632522767,2021-09-24 22:32:47
taoudenni,22.6783,-3.9836,98.98,11,13,7.38,ML,1632522767,2021-09-24 22:32:47
nicoya,10.1483,-85.452,71.15,88,89,2.26,CR,1632522768,2021-09-24 22:32:48
andreapol,56.6513,32.2664,43.99,98,100,5.61,RU,1632522768,2021-09-24 22:32:48
saint-augustin,51.226,-58.6502,47.77,66,57,5.53,CA,1632522769,2021-09-24 22:32:49
praya,14.9215,-23.5087,78.53,75,70,12.95,CV,1632522769,2021-09-24 22:32:49
kulhudhuffushi,6.6221,73.07,81.73,75,100,13.8,MV,1632522769,2021-09-24 22:32:49
kodinsk,58.6881,99.1844,27.64,95,55,0.69,RU,1632522770,2021-09-24 22:32:50
swan hill,-35.3378,143.5544,52.61,43,46,13.31,AU,1632522770,2021-09-24 22:32:50
vytegra,61.0064,36.4481,43.88,96,57,8.99,RU,1632522771,2021-09-24 22:32:51
kentau,43.5206,68.5094,59.81,21,0,12.75,KZ,1632522771,2021-09-24 22:32:51
asfi,32.2994,-9.2372,67.69,77,0,2.26,MA,1632522772,2021-09-24 22:32:52
bima,-8.4667,118.7167,77.38,80,70,3.47,ID,1632522772,2021-09-24 22:32:52
erenhot,43.6475,111.9767,62.67,69,0,9.17,CN,1632522773,2021-09-24 22:32:53
kijang,35.2442,129.2139,69.53,81,86,17.96,KR,1632522773,2021-09-24 22:32:53
bay city,43.5945,-83.8889,71.82,44,1,16.11,US,1632522773,2021-09-24 22:32:53
chestermere,51.0334,-113.8187,80.62,30,40,11.5,CA,1632522774,2021-09-24 22:32:54
san policarpo,12.1791,125.5072,83.52,80,43,6.02,PH,1632522774,2021-09-24 22:32:54
charagua,-19.8,-63.2167,81.97,37,43,3.65,BO,1632522775,2021-09-24 22:32:55
laishevo,55.4046,49.5504,44.82,90,100,16.37,RU,1632522775,2021-09-24 22:32:55
wiang sa,8.6359,99.3666,81.79,88,99,1.97,TH,1632522776,2021-09-24 22:32:56
manggar,-2.8833,108.2667,80.1,81,85,3.27,ID,1632522776,2021-09-24 22:32:56
aswan,24.0934,32.907,87.1,25,0,12.66,EG,1632522776,2021-09-24 22:32:56
moree,-29.4667,149.85,60.82,55,36,8.05,AU,1632522777,2021-09-24 22:32:57
shingu,33.7333,135.9833,70.92,73,36,5.46,JP,1632522778,2021-09-24 22:32:58
innisfail,-17.5333,146.0333,75.22,68,64,4.9,AU,1632522778,2021-09-24 22:32:58
faanui,-16.4833,-151.75,76.55,62,0,0.18,PF,1632522778,2021-09-24 22:32:58
parkersburg,39.2667,-81.5615,70.41,40,1,6.91,US,1632522779,2021-09-24 22:32:59
zemio,5.0314,25.1361,65.39,98,27,2.84,CF,1632522779,2021-09-24 22:32:59
ardakan,32.31,54.0175,80.85,13,0,4.21,IR,1632522780,2021-09-24 22:33:00
santa rosa,14.3122,121.1114,83.91,84,10,4.07,PH,1632522759,2021-09-24 22:32:39
padang,-0.9492,100.3543,75.25,90,98,3.6,ID,1632522590,2021-09-24 22:29:50
mwandiga,-4.83,29.6581,72.79,73,20,0.0,TZ,1632522781,2021-09-24 22:33:01
upington,-28.4478,21.2561,62.98,16,35,1.14,ZA,1632522634,2021-09-24 22:30:34
ciudad bolivar,8.1222,-63.5497,84.4,65,78,0.69,VE,1632522781,2021-09-24 22:33:01
comodoro rivadavia,-45.8667,-67.5,75.06,31,0,11.5,AR,1632522782,2021-09-24 22:33:02
jumla,29.2747,82.1838,58.41,94,88,2.82,NP,1632522782,2021-09-24 22:33:02
puro,12.4841,123.3827,81.66,82,43,6.46,PH,1632522783,2021-09-24 22:33:03
rivne,50.6231,26.2274,49.84,89,96,15.41,UA,1632522784,2021-09-24 22:33:04
constancia,24.2231,-107.1869,95.22,66,20,8.79,MX,1632522785,2021-09-24 22:33:05
ekibastuz,51.6667,75.3667,39.72,56,81,8.05,KZ,1632522785,2021-09-24 22:33:05
sampit,-2.5333,112.95,73.71,97,90,1.45,ID,1632522786,2021-09-24 22:33:06
kutum,14.2,24.6667,78.03,24,100,9.86,SD,1632522787,2021-09-24 22:33:07
cerro de pasco,-10.6833,-76.2667,39.85,73,93,6.96,PE,1632522788,2021-09-24 22:33:08
vernon,50.2581,-119.2691,78.13,34,99,2.3,CA,1632522542,2021-09-24 22:29:02
lazurne,46.084,32.5295,58.8,70,26,19.37,UA,1632522788,2021-09-24 22:33:08
iquitos,-3.7481,-73.2472,86.04,66,40,3.44,PE,1632522789,2021-09-24 22:33:09
ust-ilimsk,58.0006,102.6619,29.62,92,64,1.14,RU,1632522789,2021-09-24 22:33:09
itapirapua,-15.8233,-50.6133,91.89,23,73,1.12,BR,1632522790,2021-09-24 22:33:10
kruisfontein,-34.0033,24.7314,52.72,91,68,5.01,ZA,1632522791,2021-09-24 22:33:11
zhanaozen,43.3,52.8,59.18,79,20,14.94,KZ,1632522791,2021-09-24 22:33:11
tashtyp,52.7939,89.8983,31.59,93,88,4.88,RU,1632522792,2021-09-24 22:33:12
gravdal,68.1214,13.5031,47.21,77,100,12.39,NO,1632522793,2021-09-24 22:33:13
byron bay,-28.65,153.6167,76.05,41,5,3.06,AU,1632522793,2021-09-24 22:33:13
zheleznodorozhnyy,55.7503,38.0042,48.61,88,100,5.75,RU,1632522794,2021-09-24 22:33:14
esperance,-33.8667,121.9,44.44,77,55,12.62,AU,1632522794,2021-09-24 22:33:14
templin,53.1186,13.5022,62.94,89,85,13.35,DE,1632522795,2021-09-24 22:33:15
palana,59.1167,159.9667,44.24,64,0,1.1,RU,1632522796,2021-09-24 22:33:16
ananas,19.2466,-71.9557,80.67,81,94,3.2,HT,1632522796,2021-09-24 22:33:16
dalby,-27.1833,151.2667,65.1,40,53,14.32,AU,1632522797,2021-09-24 22:33:17
itarema,-2.9248,-39.9167,79.2,82,82,15.5,BR,1632522798,2021-09-24 22:33:18
hervey bay,-25.2986,152.8535,68.11,74,10,8.77,AU,1632522596,2021-09-24 22:29:56
kibaya,-5.3,36.5667,55.87,94,34,3.11,TZ,1632522799,2021-09-24 22:33:19
cabedelo,-6.9811,-34.8339,77.67,82,10,13.69,BR,1632522800,2021-09-24 22:33:20
salinas,36.6777,-121.6555,92.23,63,1,12.66,US,1632522698,2021-09-24 22:31:38
nikolsk,53.7189,46.0712,46.24,95,100,4.7,RU,1632522791,2021-09-24 22:33:11
america dourada,-11.4553,-41.4361,71.58,69,14,13.56,BR,1632522801,2021-09-24 22:33:21
seymchan,62.8833,152.4333,44.01,63,9,3.06,RU,1632522801,2021-09-24 22:33:21
kautokeino,69.0125,23.0412,41.52,97,100,7.76,NO,1632522554,2021-09-24 22:29:14
hay river,60.8156,-115.7999,57.18,51,75,8.05,CA,1632522546,2021-09-24 22:29:06
maceio,-9.6658,-35.7353,80.04,78,75,8.05,BR,1632522802,2021-09-24 22:33:22
vardo,70.3705,31.1107,45.99,95,100,10.78,NO,1632522803,2021-09-24 22:33:23
wohlen,47.3524,8.2788,60.17,88,0,0.92,CH,1632522803,2021-09-24 22:33:23
puerto del rosario,28.5004,-13.8627,73.15,64,20,6.91,ES,1632522804,2021-09-24 22:33:24
keffi,8.8486,7.8736,73.78,94,53,2.62,NG,1632522804,2021-09-24 22:33:24
port macquarie,-31.4333,152.9167,64.36,34,11,4.99,AU,1632522805,2021-09-24 22:33:25
tilichiki,60.4667,166.1,41.13,48,31,6.13,RU,1632522805,2021-09-24 22:33:25
lagoa,39.05,-27.9833,70.36,75,100,18.07,PT,1632522806,2021-09-24 22:33:26
lebanon,36.2081,-86.2911,75.07,58,1,0.0,US,1632522806,2021-09-24 22:33:26
wajir,1.7471,40.0573,76.48,50,99,17.65,KE,1632522806,2021-09-24 22:33:26
namibe,-15.1961,12.1522,65.89,91,81,5.06,AO,1632522807,2021-09-24 22:33:27
novo aripuana,-5.1206,-60.3797,77.7,78,95,0.76,BR,1632522807,2021-09-24 22:33:27
richards bay,-28.783,32.0377,65.1,89,97,3.76,ZA,1632522808,2021-09-24 22:33:28
dandong,40.1292,124.3947,62.06,96,100,1.39,CN,1632522808,2021-09-24 22:33:28
imbituba,-28.24,-48.6703,67.82,87,97,0.56,BR,1632522809,2021-09-24 22:33:29
shevchenkove,49.6959,37.1735,49.78,95,100,7.31,UA,1632522809,2021-09-24 22:33:29
saint-pierre,-21.3393,55.4781,69.44,72,0,4.61,RE,1632522810,2021-09-24 22:33:30
arman,59.7,150.1667,49.1,67,17,3.94,RU,1632522811,2021-09-24 22:33:31
san mateo ixtatan,15.8319,-91.4781,60.35,99,99,3.67,GT,1632522811,2021-09-24 22:33:31
atlantic city,39.3643,-74.4229,73.65,48,1,6.91,US,1632522544,2021-09-24 22:29:04
victoria,22.2855,114.1577,84.33,85,26,1.01,HK,1632522786,2021-09-24 22:33:06
halifax,44.6453,-63.5724,67.68,92,56,1.01,CA,1632522723,2021-09-24 22:32:03
warmbad,-28.45,18.7333,67.08,16,63,3.29,NA,1632522813,2021-09-24 22:33:33
qasigiannguit,68.8193,-51.1922,26.85,88,73,5.48,GL,1632522813,2021-09-24 22:33:33
ketchikan,55.3422,-131.6461,55.87,94,90,12.66,US,1632522814,2021-09-24 22:33:34
coihaique,-45.5752,-72.0662,58.95,51,75,4.61,CL,1632522814,2021-09-24 22:33:34
chicama,-7.8447,-79.1469,59.54,74,27,8.39,PE,1632522815,2021-09-24 22:33:35
gizo,-8.103,156.8419,83.05,74,59,5.97,SB,1632522816,2021-09-24 22:33:36
taseyevo,57.2169,94.8978,30.92,89,100,2.95,RU,1632522816,2021-09-24 22:33:36
vrede,-27.4257,29.1659,56.86,48,59,4.05,ZA,1632522817,2021-09-24 22:33:37
manyoni,-5.7467,34.8382,65.8,58,22,5.26,TZ,1632522817,2021-09-24 22:33:37
daru,-9.0763,143.2092,78.82,88,52,11.05,PG,1632522818,2021-09-24 22:33:38
ust-nera,64.5667,143.2,44.1,59,90,6.87,RU,1632522818,2021-09-24 22:33:38
ulaangom,49.9811,92.0667,36.37,52,53,7.96,MN,1632522819,2021-09-24 22:33:39
sharjah,25.3573,55.4033,91.38,63,19,2.3,AE,1632522627,2021-09-24 22:30:27
gladstone,-23.85,151.25,73.78,64,10,5.75,AU,1632522820,2021-09-24 22:33:40
adrar,20.5022,-10.0711,91.36,18,37,6.71,MR,1632522820,2021-09-24 22:33:40
peterhead,57.5058,-1.7981,57.6,90,32,6.13,GB,1632522821,2021-09-24 22:33:41
moindou,-21.6924,165.677,73.35,53,65,3.2,NC,1632522822,2021-09-24 22:33:42
bubaque,11.2833,-15.8333,81.41,77,47,4.23,GW,1632522822,2021-09-24 22:33:42
san carlos,9.6612,-68.5827,73.83,95,57,1.39,VE,1632522823,2021-09-24 22:33:43
labuhan,-6.8844,112.2051,77.85,82,35,5.97,ID,1632522823,2021-09-24 22:33:43
champerico,14.3,-91.9167,85.35,76,97,6.17,GT,1632522824,2021-09-24 22:33:44
gonen,40.1049,27.654,56.01,39,4,1.01,TR,1632522824,2021-09-24 22:33:44
waipawa,-41.4122,175.5153,56.44,58,37,15.9,NZ,1632522825,2021-09-24 22:33:45
sanming,26.2486,117.6186,73.42,87,0,2.75,CN,1632522826,2021-09-24 22:33:46
mildura,-34.2,142.15,48.16,81,90,5.75,AU,1632522698,2021-09-24 22:31:38
altay,47.8667,88.1167,28.8,75,5,2.51,CN,1632522826,2021-09-24 22:33:46
jaciara,-15.9653,-54.9683,89.67,25,78,2.77,BR,1632522670,2021-09-24 22:31:10
kolpny,52.2282,37.0368,46.6,95,100,9.17,RU,1632522827,2021-09-24 22:33:47
banda aceh,5.5577,95.3222,78.73,83,27,9.19,ID,1632522827,2021-09-24 22:33:47
broome,42.2506,-75.833,63.05,73,1,1.99,US,1632522828,2021-09-24 22:33:48
los llanos de aridane,28.6585,-17.9182,67.75,80,0,5.75,ES,1632522829,2021-09-24 22:33:49
joacaba,-27.1781,-51.5047,58.17,98,71,1.3,BR,1632522648,2021-09-24 22:30:48
uray,60.1247,64.7758,38.39,92,4,2.28,RU,1632522738,2021-09-24 22:32:18
puerto narino,-3.7703,-70.3831,76.95,80,83,2.59,CO,1632522830,2021-09-24 22:33:50
tijara,27.9333,76.85,76.78,88,7,4.54,IN,1632522831,2021-09-24 22:33:51
zabol,32.25,67.25,64.42,17,0,5.1,AF,1632522831,2021-09-24 22:33:51
katherine,-14.4667,132.2667,75.52,60,40,0.0,AU,1632522832,2021-09-24 22:33:52
jaen,38.0,-3.5,68.02,85,71,10.07,ES,1632522800,2021-09-24 22:33:20
riyadh,24.6877,46.7219,82.54,13,11,5.37,SA,1632522833,2021-09-24 22:33:53
huambo,-12.7761,15.7392,63.39,33,58,3.27,AO,1632522694,2021-09-24 22:31:34
atbasar,51.8,68.3333,38.75,57,16,4.81,KZ,1632522834,2021-09-24 22:33:54
chivay,-15.6383,-71.6011,46.96,85,97,4.74,PE,1632522834,2021-09-24 22:33:54
hambantota,6.1241,81.1185,79.43,80,80,18.34,LK,1632522835,2021-09-24 22:33:55
westport,41.1415,-73.3579,73.27,60,75,1.99,US,1632522710,2021-09-24 22:31:50
nuzvid,16.7833,80.85,76.12,92,99,0.54,IN,1632522836,2021-09-24 22:33:56
libourne,44.9167,-0.25,68.86,75,88,5.32,FR,1632522836,2021-09-24 22:33:56
tamandare,-8.7597,-35.1047,75.81,86,17,10.36,BR,1632522837,2021-09-24 22:33:57
kungurtug,50.5994,97.5228,33.76,93,100,3.83,RU,1632522838,2021-09-24 22:33:58
yarim,14.298,44.3779,58.93,35,98,3.74,YE,1632522838,2021-09-24 22:33:58
holme,56.1138,10.1725,60.64,92,96,16.69,DK,1632522839,2021-09-24 22:33:59
butterworth,5.3991,100.3638,82.44,92,20,5.01,MY,1632522840,2021-09-24 22:34:00
puerto ayacucho,5.6639,-67.6236,75.54,90,85,1.81,VE,1632522840,2021-09-24 22:34:00
yermish,54.7678,42.2711,46.85,87,99,5.32,RU,1632522841,2021-09-24 22:34:01
orlovskiy,46.8714,42.0592,53.94,67,95,8.34,RU,1632522841,2021-09-24 22:34:01
ust-koksa,50.2696,85.6108,26.33,94,89,0.69,RU,1632522843,2021-09-24 22:34:03
roald,62.5833,6.1333,53.01,93,75,17.27,NO,1632522844,2021-09-24 22:34:04
sterlibashevo,53.4376,55.2578,51.93,32,100,16.28,RU,1632522844,2021-09-24 22:34:04
warrington,53.3925,-2.5802,66.06,88,75,5.99,GB,1632522845,2021-09-24 22:34:05
wadi maliz,36.4681,8.5495,81.05,23,94,6.13,TN,1632522846,2021-09-24 22:34:06
kiama,-34.6833,150.8667,64.99,67,7,1.01,AU,1632522846,2021-09-24 22:34:06
kingseat,56.0974,-3.4084,58.39,85,40,3.0,GB,1632522847,2021-09-24 22:34:07
sobolevo,54.4299,31.8996,42.91,97,54,4.25,RU,1632522848,2021-09-24 22:34:08
tura,25.5198,90.2201,74.44,93,11,2.91,IN,1632522848,2021-09-24 22:34:08
husavik,66.0449,-17.3389,37.31,90,98,5.03,IS,1632522848,2021-09-24 22:34:08
artyom,40.4723,50.333,66.34,72,81,25.17,AZ,1632522849,2021-09-24 22:34:09
rock sound,24.9,-76.2,83.71,68,78,4.9,BS,1632522850,2021-09-24 22:34:10
huaicheng,23.9051,112.1931,75.38,89,0,1.1,CN,1632522850,2021-09-24 22:34:10
xining,36.6167,101.7667,54.46,89,100,4.54,CN,1632522851,2021-09-24 22:34:11
labuan,5.2767,115.2417,77.36,94,20,0.0,MY,1632522851,2021-09-24 22:34:11
touros,-5.1989,-35.4608,79.7,81,20,17.02,BR,1632522850,2021-09-24 22:34:10
mitchell,43.7094,-98.0298,69.78,20,1,4.0,US,1632522852,2021-09-24 22:34:12
svetlyy,54.675,20.1347,55.45,90,99,18.88,RU,1632522852,2021-09-24 22:34:12
rotava,50.2963,12.5734,57.58,97,59,3.94,CZ,1632522853,2021-09-24 22:34:13
lluta,-16.0147,-72.0142,59.27,43,14,4.32,PE,1632522853,2021-09-24 22:34:13
gawler,-34.6,138.7333,53.47,79,62,7.76,AU,1632522854,2021-09-24 22:34:14
chapais,49.7834,-74.8492,56.98,79,66,13.13,CA,1632522765,2021-09-24 22:32:45
tiarei,-17.5333,-149.3333,82.42,63,0,6.38,PF,1632522855,2021-09-24 22:34:15
kavaratti,10.5669,72.642,81.27,79,97,14.25,IN,1632522855,2021-09-24 22:34:15
cidreira,-30.1811,-50.2056,62.19,84,53,5.99,BR,1632522856,2021-09-24 22:34:16
lock haven,41.137,-77.4469,69.69,78,22,3.98,US,1632522857,2021-09-24 22:34:17
uribia,11.7139,-72.266,88.09,55,68,10.33,CO,1632522858,2021-09-24 22:34:18
thunder bay,48.4001,-89.3168,51.98,76,90,12.66,CA,1632522797,2021-09-24 22:33:17
huicungo,-7.2833,-76.8,71.35,92,99,1.52,PE,1632522859,2021-09-24 22:34:19
sao joao da barra,-21.6403,-41.0511,70.23,67,99,19.48,BR,1632522859,2021-09-24 22:34:19
playas,-2.6333,-80.3833,71.89,82,31,10.8,EC,1632522860,2021-09-24 22:34:20
zhigansk,66.7697,123.3711,34.18,81,100,14.41,RU,1632522860,2021-09-24 22:34:20
quang ngai,15.1167,108.8,75.6,87,100,2.04,VN,1632522861,2021-09-24 22:34:21
hornepayne,49.2138,-84.7705,53.22,74,100,6.78,CA,1632522861,2021-09-24 22:34:21
stokmarknes,68.5646,14.9108,47.5,78,100,3.0,NO,1632522668,2021-09-24 22:31:08
nageshwari,25.9377,89.7148,79.05,87,7,4.88,BD,1632522862,2021-09-24 22:34:22
coquimbo,-29.9533,-71.3436,55.13,87,90,9.22,CL,1632522675,2021-09-24 22:31:15
dubove,48.1721,23.8895,45.84,95,100,1.54,UA,1632522863,2021-09-24 22:34:23
akyab,20.15,92.9,79.07,89,100,10.96,MM,1632522863,2021-09-24 22:34:23
kazanskaya,45.4106,40.4361,53.17,83,91,12.33,RU,1632522864,2021-09-24 22:34:24
san juan,-31.5375,-68.5364,75.81,19,0,12.66,AR,1632522864,2021-09-24 22:34:24
skjervoy,70.0311,20.9714,46.87,84,99,19.42,NO,1632522864,2021-09-24 22:34:24
lerwick,60.1545,-1.1494,51.8,75,90,11.1,GB,1632522865,2021-09-24 22:34:25
chitungwiza,-18.0127,31.0756,57.36,60,0,5.99,ZW,1632522866,2021-09-24 22:34:26
khotynets,53.1286,35.3966,45.72,95,100,5.64,RU,1632522867,2021-09-24 22:34:27
akureyri,65.6835,-18.0878,37.33,75,90,4.61,IS,1632522763,2021-09-24 22:32:43
yarovoye,52.9273,78.58,41.58,61,100,12.95,RU,1632522867,2021-09-24 22:34:27
chancay,-11.5714,-77.2672,62.56,83,19,5.53,PE,1632522868,2021-09-24 22:34:28
sydney mines,46.2367,-60.2177,61.81,95,90,4.0,CA,1632522868,2021-09-24 22:34:28
diego de almagro,-26.3667,-70.05,64.85,34,0,5.84,CL,1632522869,2021-09-24 22:34:29
pangody,65.85,74.4859,31.37,77,0,7.36,RU,1632522869,2021-09-24 22:34:29
lashio,22.9333,97.75,65.88,99,68,1.68,MM,1632522870,2021-09-24 22:34:30
revelstoke,50.9832,-118.2023,68.02,52,55,6.91,CA,1632522797,2021-09-24 22:33:17
lasa,46.6166,10.7002,60.26,68,0,1.9,IT,1632522870,2021-09-24 22:34:30
tromso,69.6496,18.957,45.25,87,40,4.61,NO,1632522871,2021-09-24 22:34:31
barsovo,61.1667,73.1667,35.73,82,100,7.0,RU,1632522872,2021-09-24 22:34:32
paralimni,35.0375,33.9833,69.12,55,0,1.99,CY,1632522872,2021-09-24 22:34:32
roros,62.5747,11.3842,31.84,93,40,3.44,NO,1632522873,2021-09-24 22:34:33
taurage,55.2522,22.2897,54.82,81,100,11.01,LT,1632522874,2021-09-24 22:34:34
west bay,19.3667,-81.4167,87.87,74,40,1.01,KY,1632522874,2021-09-24 22:34:34
port hedland,-20.3167,118.5667,59.05,100,90,0.0,AU,1632522875,2021-09-24 22:34:35
skelleftea,64.7507,20.9528,45.0,69,90,1.01,SE,1632522875,2021-09-24 22:34:35
gat,31.61,34.7642,70.92,60,4,3.76,IL,1632522876,2021-09-24 22:34:36
batagay-alyta,67.8006,130.4114,28.38,88,98,3.42,RU,1632522877,2021-09-24 22:34:37
cache creek,50.8101,-121.3246,70.25,45,100,4.38,CA,1632522877,2021-09-24 22:34:37
auki,-8.7676,160.7034,84.99,66,37,3.67,SB,1632522879,2021-09-24 22:34:39
iwanai,42.9744,140.5089,59.94,65,2,5.1,JP,1632522879,2021-09-24 22:34:39
balsas,-7.5325,-46.0356,87.62,33,74,3.22,BR,1632522611,2021-09-24 22:30:11
koygorodok,60.445,50.9968,44.89,96,100,8.81,RU,1632522880,2021-09-24 22:34:40
pando,-34.7167,-55.95,57.6,88,90,9.22,UY,1632522880,2021-09-24 22:34:40
novopavlovka,51.2172,109.2091,41.83,97,83,4.54,RU,1632522880,2021-09-24 22:34:40
aksay,47.26,39.87,52.25,82,100,11.99,RU,1632522881,2021-09-24 22:34:41
tyukhtet,56.5389,89.3011,33.84,98,100,9.73,RU,1632522882,2021-09-24 22:34:42
yeppoon,-23.1333,150.7333,65.98,56,8,1.92,AU,1632522795,2021-09-24 22:33:15
zhuhai,22.2769,113.5678,84.06,79,20,8.05,CN,1632522882,2021-09-24 22:34:42
patnos,39.2336,42.8634,49.87,79,98,4.88,TR,1632522883,2021-09-24 22:34:43
talnakh,69.4865,88.3972,32.14,70,2,1.28,RU,1632522883,2021-09-24 22:34:43
batetskiy,58.6461,30.3027,43.36,96,100,4.94,RU,1632522884,2021-09-24 22:34:44
bogorodskoye,56.55,37.8833,40.64,95,50,5.84,RU,1632522884,2021-09-24 22:34:44
vila do maio,15.1333,-23.2167,79.34,73,98,13.76,CV,1632522885,2021-09-24 22:34:45
naze,28.3667,129.4833,79.72,77,10,15.57,JP,1632522886,2021-09-24 22:34:46
havoysund,70.9963,24.6622,47.28,84,67,14.76,NO,1632522886,2021-09-24 22:34:46
dali,25.7,100.1833,58.03,92,1,0.81,CN,1632522887,2021-09-24 22:34:47
nicolas bravo,18.45,-88.9167,86.88,84,86,0.69,MX,1632522887,2021-09-24 22:34:47
khandyga,62.6667,135.6,43.5,82,99,6.35,RU,1632522888,2021-09-24 22:34:48
lisakovsk,52.5369,62.4936,42.03,51,96,8.46,KZ,1632522889,2021-09-24 22:34:49
saint-francois,46.4154,3.9054,58.44,94,0,1.14,FR,1632522889,2021-09-24 22:34:49
cururupu,-1.8283,-44.8683,75.54,87,73,3.51,BR,1632522889,2021-09-24 22:34:49
truth or consequences,33.1284,-107.2528,82.9,34,1,4.61,US,1632522813,2021-09-24 22:33:33
